alvina.halvorson@schaden.org,Maddison Littel DVM,3302819764
kelvin_grady@sauer.net,Spencer Nolan,4317786716
brycen2097@bradtke.com,Henriette Kovacek,323-843-6788
maud_ullrich@grady.name,Jerrod Lesch,5006370360
boyd2054@mckenzie.com,Melisa Vandervort,(282) 833-3600
golda1949@corwin.info,Howell Schowalter,5612840394
mina2045@muller.info,Ronny Klocko,333/353-1929
claud_upton@buckridge.info,Arvilla Spinka,(646) 242-6392
mazie1907@ruecker.info,Magdalen Harris,6803641240
ryleigh1983@prosacco.net,Samir Runolfsson,626/488-3035
brianne_farrell@thompson.org,Ms. Corene Volkman III,956.388.4538
iva1951@bashirian.name,Alycia Wiegand,361.398.7010
thurman_greenfelder@ratke.org,Mrs. Thora Goodwin,(252) 376-2472
zane.doyle@reilly.name,Ms. Katelin Schuppe IV,680.994.2258
lera_cole@keeling.biz,Mireille Krajcik,5264343854
myrtle_lind@treutel.name,Miss Lazaro Beatty IV,(645) 303-9107
luella.casper@hilpert.biz,Onie Waters,704/516-4496
kip_rowe@block.net,Rey Muller,(727) 929-3108
kitty1999@reichert.com,Angel McDermott,343-371-1468
devin1975@swaniawski.net,Vilma Langosh,635/668-4603
enoch1904@cummerata.com,Rudy Boyle,620.602.6245
conner_mcglynn@metz.biz,Gerard Satterfield Sr.,962.841.3312
elouise2075@hilll.biz,Jacklyn Will,9214915783
samantha_hickle@tillman.info,Alexandre Shields,452-589-4584
lera1902@morar.org,Joanie Mraz,762/522-1392
noel1972@mccullough.name,Laverne Roberts,630-636-6069
hailey_ritchie@ortiz.net,Kristy Lemke,519-312-7238
candido_rowe@hauck.net,Abdiel Bashirian,2253038800
vidal1906@schinner.biz,Ms. Abdullah Spencer I,637.376.5531
gail2046@sawayn.info,Hulda Ratke,717-966-7600
stewart2018@ondricka.name,Vicenta Mayer,(433) 866-8055
rubie_lehner@pacocha.com,Brant Dicki,338.764.3187
hermina2077@west.biz,Jerald Kiehn DDS,(365) 469-5733
mafalda.king@mitchell.info,Payton Kuvalis,721/978-9087
eulalia_mertz@larkin.org,Ethan Runolfsdottir Sr.,585-447-9327
morgan1908@kihn.info,Fletcher Dicki DVM,317-395-2306
bud2004@gibson.biz,Ms. Leonel Veum PhD,387.983.8625
alexys_rohan@windler.net,Mona Weber,334/859-0948
tom.bogan@wyman.com,Mireille Thiel,4155532479
adan_mann@wiegand.info,Sheila White,432/789-3743
beth.kuhn@mueller.org,Ryan Cronin,930.636.4191
shemar_buckridge@franecki.info,Oswaldo Vandervort,269/714-3661
cara1927@fahey.name,Nola Grant,713.301.3776
alex.jaskolski@hoppe.biz,Naomi Weber,358.624.3716
elliott_nienow@gleason.com,Maddison Wunsch,880-977-5420
greta1968@boyle.com,Jalon Terry,(549) 216-1239
randall.hegmann@heidenreich.biz,Isobel Wehner,8613130231
ari.lebsack@cremin.info,Percival Conn,882.308.1757
jayson1997@stehr.biz,Werner Walker,7407631102
vicky.robel@robel.info,Napoleon Auer,563.625.6213
teste@teste,teste,132456789
karlie1922@ernser.info,Rickie Bogan Jr.,277.354.4879
geoffrey1962@larson.biz,Veda Larkin,385/492-3797
johnathon_bradtke@pfeffer.biz,King Blanda,2388194674
christine2009@runolfsdottir.info,Miss Eleonore Bechtelar,523/249-0886
axel1958@block.name,Paul Hintz,(406) 437-2908
candelario1975@mante.info,Gerry Quitzon,328/998-5429
grayce.becker@schimmel.net,Darien McKenzie,553-355-1221
sylvan2049@bednar.name,Reta Schinner,236/321-1107
harold.kerluke@cummings.biz,Mr. Zita Langworth,(460) 433-0995
meta.huel@gibson.name,Ms. Alana Kreiger I,527.231.9441
addie2060@koepp.name,Mrs. Marguerite Ledner,324/774-5437
maximilian_farrell@dubuque.biz,Ms. Shaniya Olson Jr.,985/769-6016
enrico_larson@kreiger.name,Mrs. Sammie Goldner III,986-472-0613
german_nienow@konopelski.com,Velma Goldner,727-798-1181
bennett_schuppe@pfeffer.name,Adelbert Harber,523.936.0079
litzy1973@lueilwitz.com,Otis Rutherford,742/928-8514
paige.grant@pfannerstill.biz,Talon Kohler,276-833-5112
edwardo2084@wisoky.biz,Mrs. Stevie Lakin,(684) 791-3797
aniyah_jacobi@wehner.org,Shannon Fritsch III,(258) 246-1915
zaria_bednar@christiansen.info,Louvenia Fisher,973/943-7284
dayton2029@dicki.info,Brant Batz,(981) 328-7886
edgardo1973@stroman.com,Garnett Ward,8745987344
mellie2085@doyle.info,Dr. Brady Auer,8367219192
sid.bergstrom@schroeder.org,Terrill Schoen,554.353.8601
anita.wunsch@rau.org,Miss Christy Lebsack V,3286692949
cale.heathcote@strosin.net,Cynthia Graham V,777.495.6577
letha2017@sanford.com,Miss Cyrus Schmitt DDS,704/268-3462
vella2064@tremblay.org,Ms. Daryl Bruen II,(709) 326-8296
sasha2046@lindgren.net,Anne Sporer III,602/955-7420
jordane.monahan@wiza.info,Mikel Kshlerin Sr.,320-341-6709
margarete1942@feeney.name,Mrs. Pablo Hauck,670/621-7421
woodrow1914@bednar.com,Destini Rau,2059615647
tyreek.stroman@bartell.name,Curtis Heathcote,838/649-6238
celestine.kirlin@hettinger.net,Kurt Paucek,452/883-1387
fidel2033@little.name,Dr. Arely Hand I,3279366668
chaim1956@jaskolski.com,Carolina Upton MD,3024144089
eriberto2071@rath.net,Rodrick Cremin,806.717.6820
kenneth.murazik@mckenzie.name,David Osinski,(650) 828-6282
abagail2042@goldner.info,Dulce Boyle,988.299.4141
antwan.ward@sawayn.net,Conner Spencer,273/214-6984
dimitri1919@osinski.net,Tyler Marvin,983/897-4617
gail_bruen@fisher.com,Francis Prohaska,988-372-1180
daphney_durgan@harris.name,Erik Raynor,340-675-2733
vinnie_daniel@lindgren.com,Gussie Batz,518/648-2978
melisa1989@west.name,Perry Kuhlman,(752) 915-4323
brianne_auer@williamson.com,Tristin Lynch,3453733317
napoleon1916@terry.biz,Madonna Pacocha DDS,981/886-7065
robbie1974@hudson.name,Deanna Muller I,4163152802
clotilde1915@bernhard.net,Cathy Kirlin,2278655216
clay2072@runolfsdottir.biz,Lori Hauck,8796567552
oi@oi[2~,oi,123213213
joazin@1123,joaozin,123456789
